-- Quest The Lesson of the Iron Bough
UPDATE `quest_template` SET `ID`='30027', `QuestType`='2', `QuestLevel`='1', `MaxScalingLevel`='255', `QuestPackageID`='0', `MinLevel`='0', `QuestSortID`='5736', `QuestInfoID`='21', `SuggestedGroupNum`='0', `RewardNextQuest`='29406', `RewardXPDifficulty`='5', `RewardXPMultiplier`='1', `RewardMoney`='15', `RewardMoneyDifficulty`='5', `RewardMoneyMultiplier`='1', `RewardBonusMoney`='0', `RewardDisplaySpell1`='0', `RewardDisplaySpell2`='0', `RewardDisplaySpell3`='0', `RewardSpell`='0', `RewardHonor`='0', `RewardKillHonor`='0', `StartItem`='0', `RewardArtifactXPDifficulty`='0', `RewardArtifactXPMultiplier`='1', `RewardArtifactCategoryID`='0', `Flags`='0', `FlagsEx`='1', `RewardItem1`='0', `RewardAmount1`='0', `RewardItem2`='0', `RewardAmount2`='0', `RewardItem3`='0', `RewardAmount3`='0', `RewardItem4`='0', `RewardAmount4`='0', `ItemDrop1`='0', `ItemDropQuantity1`='0', `ItemDrop2`='0', `ItemDropQuantity2`='0', `ItemDrop3`='77279', `ItemDropQuantity3`='1', `ItemDrop4`='77278', `ItemDropQuantity4`='1', `RewardChoiceItemID1`='0', `RewardChoiceItemQuantity1`='0', `RewardChoiceItemDisplayID1`='0', `RewardChoiceItemID2`='0', `RewardChoiceItemQuantity2`='0', `RewardChoiceItemDisplayID2`='0', `RewardChoiceItemID3`='0', `RewardChoiceItemQuantity3`='0', `RewardChoiceItemDisplayID3`='0', `RewardChoiceItemID4`='0', `RewardChoiceItemQuantity4`='0', `RewardChoiceItemDisplayID4`='0', `RewardChoiceItemID5`='0', `RewardChoiceItemQuantity5`='0', `RewardChoiceItemDisplayID5`='0', `RewardChoiceItemID6`='0', `RewardChoiceItemQuantity6`='0', `RewardChoiceItemDisplayID6`='0', `POIContinent`='0', `POIx`='0', `POIy`='0', `POIPriority`='0', `RewardTitle`='0', `RewardArenaPoints`='0', `RewardSkillLineID`='0', `RewardNumSkillUps`='0', `PortraitGiver`='0', `PortraitTurnIn`='0', `RewardFactionID1`='1216', `RewardFactionValue1`='5', `RewardFactionOverride1`='25000', `RewardFactionCapIn1`='7', `RewardFactionID2`='0', `RewardFactionValue2`='0', `RewardFactionOverride2`='0', `RewardFactionCapIn2`='7', `RewardFactionID3`='0', `RewardFactionValue3`='0', `RewardFactionOverride3`='0', `RewardFactionCapIn3`='7', `RewardFactionID4`='0', `RewardFactionValue4`='0', `RewardFactionOverride4`='0', `RewardFactionCapIn4`='7', `RewardFactionID5`='0', `RewardFactionValue5`='0', `RewardFactionOverride5`='0', `RewardFactionCapIn5`='7', `RewardFactionFlags`='0', `RewardCurrencyID1`='0', `RewardCurrencyQty1`='0', `RewardCurrencyID2`='0', `RewardCurrencyQty2`='0', `RewardCurrencyID3`='0', `RewardCurrencyQty3`='0', `RewardCurrencyID4`='0', `RewardCurrencyQty4`='0', `AcceptedSoundKitID`='890', `CompleteSoundKitID`='878', `AreaGroupID`='0', `TimeAllowed`='0', `AllowableRaces`='8388608', `QuestRewardID`='0', `Expansion`='0', `LogTitle`='The Lesson of the Iron Bough', `LogDescription`='Retrieve and equip a pair of Trainee\'s Handwraps.', `QuestDescription`='First, you will need a weapon suited to your talents. Retrieve a pair of fist weapons from one of the weapon racks below, bring them to me, and show me that you know how to equip them properly.', `AreaDescription`='', `PortraitGiverText`='', `PortraitGiverName`='', `PortraitTurnInText`='', `PortraitTurnInName`='', `QuestCompletionLog`='', `VerifiedBuild`='25996' WHERE (`ID`='30027');
UPDATE `quest_template` SET `ID`='30033', `QuestType`='2', `QuestLevel`='1', `MaxScalingLevel`='255', `QuestPackageID`='0', `MinLevel`='0', `QuestSortID`='5736', `QuestInfoID`='21', `SuggestedGroupNum`='0', `RewardNextQuest`='29406', `RewardXPDifficulty`='5', `RewardXPMultiplier`='1', `RewardMoney`='15', `RewardMoneyDifficulty`='5', `RewardMoneyMultiplier`='1', `RewardBonusMoney`='0', `RewardDisplaySpell1`='0', `RewardDisplaySpell2`='0', `RewardDisplaySpell3`='0', `RewardSpell`='0', `RewardHonor`='0', `RewardKillHonor`='0', `StartItem`='0', `RewardArtifactXPDifficulty`='0', `RewardArtifactXPMultiplier`='1', `RewardArtifactCategoryID`='0', `Flags`='0', `FlagsEx`='1', `RewardItem1`='0', `RewardAmount1`='0', `RewardItem2`='0', `RewardAmount2`='0', `RewardItem3`='0', `RewardAmount3`='0', `RewardItem4`='0', `RewardAmount4`='0', `ItemDrop1`='0', `ItemDropQuantity1`='0', `ItemDrop2`='0', `ItemDropQuantity2`='0', `ItemDrop3`='76392', `ItemDropQuantity3`='1', `ItemDrop4`='76390', `ItemDropQuantity4`='1', `RewardChoiceItemID1`='0', `RewardChoiceItemQuantity1`='0', `RewardChoiceItemDisplayID1`='0', `RewardChoiceItemID2`='0', `RewardChoiceItemQuantity2`='0', `RewardChoiceItemDisplayID2`='0', `RewardChoiceItemID3`='0', `RewardChoiceItemQuantity3`='0', `RewardChoiceItemDisplayID3`='0', `RewardChoiceItemID4`='0', `RewardChoiceItemQuantity4`='0', `RewardChoiceItemDisplayID4`='0', `RewardChoiceItemID5`='0', `RewardChoiceItemQuantity5`='0', `RewardChoiceItemDisplayID5`='0', `RewardChoiceItemID6`='0', `RewardChoiceItemQuantity6`='0', `RewardChoiceItemDisplayID6`='0', `POIContinent`='0', `POIx`='0', `POIy`='0', `POIPriority`='0', `RewardTitle`='0', `RewardArenaPoints`='0', `RewardSkillLineID`='0', `RewardNumSkillUps`='0', `PortraitGiver`='0', `PortraitTurnIn`='0', `RewardFactionID1`='1216', `RewardFactionValue1`='5', `RewardFactionOverride1`='25000', `RewardFactionCapIn1`='7', `RewardFactionID2`='0', `RewardFactionValue2`='0', `RewardFactionOverride2`='0', `RewardFactionCapIn2`='7', `RewardFactionID3`='0', `RewardFactionValue3`='0', `RewardFactionOverride3`='0', `RewardFactionCapIn3`='7', `RewardFactionID4`='0', `RewardFactionValue4`='0', `RewardFactionOverride4`='0', `RewardFactionCapIn4`='7', `RewardFactionID5`='0', `RewardFactionValue5`='0', `RewardFactionOverride5`='0', `RewardFactionCapIn5`='7', `RewardFactionFlags`='0', `RewardCurrencyID1`='0', `RewardCurrencyQty1`='0', `RewardCurrencyID2`='0', `RewardCurrencyQty2`='0', `RewardCurrencyID3`='0', `RewardCurrencyQty3`='0', `RewardCurrencyID4`='0', `RewardCurrencyQty4`='0', `AcceptedSoundKitID`='890', `CompleteSoundKitID`='878', `AreaGroupID`='0', `TimeAllowed`='0', `AllowableRaces`='8388608', `QuestRewardID`='0', `Expansion`='0', `LogTitle`='The Lesson of the Iron Bough', `LogDescription`='Retrieve and equip a Trainee\'s Spellblade and a Trainee\'s Hand Fan.', `QuestDescription`='First, you will need weapons suited to your talents. Retrieve a spellblade and a hand fan from one of the weapon racks below, bring it to me, and show me that you know how to hold it properly.', `AreaDescription`='', `PortraitGiverText`='', `PortraitGiverName`='', `PortraitTurnInText`='', `PortraitTurnInName`='', `QuestCompletionLog`='', `VerifiedBuild`='25996' WHERE (`ID`='30033');
UPDATE `quest_template` SET `ID`='30034', `QuestType`='2', `QuestLevel`='1', `MaxScalingLevel`='255', `QuestPackageID`='0', `MinLevel`='0', `QuestSortID`='5736', `QuestInfoID`='21', `SuggestedGroupNum`='0', `RewardNextQuest`='29406', `RewardXPDifficulty`='5', `RewardXPMultiplier`='1', `RewardMoney`='15', `RewardMoneyDifficulty`='5', `RewardMoneyMultiplier`='1', `RewardBonusMoney`='0', `RewardDisplaySpell1`='0', `RewardDisplaySpell2`='0', `RewardDisplaySpell3`='0', `RewardSpell`='0', `RewardHonor`='0', `RewardKillHonor`='0', `StartItem`='0', `RewardArtifactXPDifficulty`='0', `RewardArtifactXPMultiplier`='1', `RewardArtifactCategoryID`='0', `Flags`='0', `FlagsEx`='1', `RewardItem1`='0', `RewardAmount1`='0', `RewardItem2`='0', `RewardAmount2`='0', `RewardItem3`='0', `RewardAmount3`='0', `RewardItem4`='0', `RewardAmount4`='0', `ItemDrop1`='0', `ItemDropQuantity1`='0', `ItemDrop2`='0', `ItemDropQuantity2`='0', `ItemDrop3`='0', `ItemDropQuantity3`='0', `ItemDrop4`='73211', `ItemDropQuantity4`='1', `RewardChoiceItemID1`='0', `RewardChoiceItemQuantity1`='0', `RewardChoiceItemDisplayID1`='0', `RewardChoiceItemID2`='0', `RewardChoiceItemQuantity2`='0', `RewardChoiceItemDisplayID2`='0', `RewardChoiceItemID3`='0', `RewardChoiceItemQuantity3`='0', `RewardChoiceItemDisplayID3`='0', `RewardChoiceItemID4`='0', `RewardChoiceItemQuantity4`='0', `RewardChoiceItemDisplayID4`='0', `RewardChoiceItemID5`='0', `RewardChoiceItemQuantity5`='0', `RewardChoiceItemDisplayID5`='0', `RewardChoiceItemID6`='0', `RewardChoiceItemQuantity6`='0', `RewardChoiceItemDisplayID6`='0', `POIContinent`='0', `POIx`='0', `POIy`='0', `POIPriority`='0', `RewardTitle`='0', `RewardArenaPoints`='0', `RewardSkillLineID`='0', `RewardNumSkillUps`='0', `PortraitGiver`='0', `PortraitTurnIn`='0', `RewardFactionID1`='1216', `RewardFactionValue1`='5', `RewardFactionOverride1`='25000', `RewardFactionCapIn1`='7', `RewardFactionID2`='0', `RewardFactionValue2`='0', `RewardFactionOverride2`='0', `RewardFactionCapIn2`='7', `RewardFactionID3`='0', `RewardFactionValue3`='0', `RewardFactionOverride3`='0', `RewardFactionCapIn3`='7', `RewardFactionID4`='0', `RewardFactionValue4`='0', `RewardFactionOverride4`='0', `RewardFactionCapIn4`='7', `RewardFactionID5`='0', `RewardFactionValue5`='0', `RewardFactionOverride5`='0', `RewardFactionCapIn5`='7', `RewardFactionFlags`='0', `RewardCurrencyID1`='0', `RewardCurrencyQty1`='0', `RewardCurrencyID2`='0', `RewardCurrencyQty2`='0', `RewardCurrencyID3`='0', `RewardCurrencyQty3`='0', `RewardCurrencyID4`='0', `RewardCurrencyQty4`='0', `AcceptedSoundKitID`='890', `CompleteSoundKitID`='878', `AreaGroupID`='0', `TimeAllowed`='0', `AllowableRaces`='8388608', `QuestRewardID`='0', `Expansion`='0', `LogTitle`='The Lesson of the Iron Bough', `LogDescription`='Retrieve and equip a Trainee\'s Crossbow.', `QuestDescription`='First, you will need a weapon suited to your talents. Retrieve a crossbow from one of the weapon racks below, bring it to me, and show me that you know how to hold it properly.', `AreaDescription`='', `PortraitGiverText`='', `PortraitGiverName`='', `PortraitTurnInText`='', `PortraitTurnInName`='', `QuestCompletionLog`='', `VerifiedBuild`='25996' WHERE (`ID`='30034');
UPDATE `quest_template` SET `ID`='30035', `QuestType`='2', `QuestLevel`='1', `MaxScalingLevel`='255', `QuestPackageID`='0', `MinLevel`='0', `QuestSortID`='5736', `QuestInfoID`='21', `SuggestedGroupNum`='0', `RewardNextQuest`='29406', `RewardXPDifficulty`='5', `RewardXPMultiplier`='1', `RewardMoney`='15', `RewardMoneyDifficulty`='5', `RewardMoneyMultiplier`='1', `RewardBonusMoney`='0', `RewardDisplaySpell1`='0', `RewardDisplaySpell2`='0', `RewardDisplaySpell3`='0', `RewardSpell`='0', `RewardHonor`='0', `RewardKillHonor`='0', `StartItem`='0', `RewardArtifactXPDifficulty`='0', `RewardArtifactXPMultiplier`='1', `RewardArtifactCategoryID`='0', `Flags`='0', `FlagsEx`='1', `RewardItem1`='0', `RewardAmount1`='0', `RewardItem2`='0', `RewardAmount2`='0', `RewardItem3`='0', `RewardAmount3`='0', `RewardItem4`='0', `RewardAmount4`='0', `ItemDrop1`='0', `ItemDropQuantity1`='0', `ItemDrop2`='0', `ItemDropQuantity2`='0', `ItemDrop3`='76393', `ItemDropQuantity3`='1', `ItemDrop4`='73207', `ItemDropQuantity4`='1', `RewardChoiceItemID1`='0', `RewardChoiceItemQuantity1`='0', `RewardChoiceItemDisplayID1`='0', `RewardChoiceItemID2`='0', `RewardChoiceItemQuantity2`='0', `RewardChoiceItemDisplayID2`='0', `RewardChoiceItemID3`='0', `RewardChoiceItemQuantity3`='0', `RewardChoiceItemDisplayID3`='0', `RewardChoiceItemID4`='0', `RewardChoiceItemQuantity4`='0', `RewardChoiceItemDisplayID4`='0', `RewardChoiceItemID5`='0', `RewardChoiceItemQuantity5`='0', `RewardChoiceItemDisplayID5`='0', `RewardChoiceItemID6`='0', `RewardChoiceItemQuantity6`='0', `RewardChoiceItemDisplayID6`='0', `POIContinent`='0', `POIx`='0', `POIy`='0', `POIPriority`='0', `RewardTitle`='0', `RewardArenaPoints`='0', `RewardSkillLineID`='0', `RewardNumSkillUps`='0', `PortraitGiver`='0', `PortraitTurnIn`='0', `RewardFactionID1`='1216', `RewardFactionValue1`='5', `RewardFactionOverride1`='25000', `RewardFactionCapIn1`='7', `RewardFactionID2`='0', `RewardFactionValue2`='0', `RewardFactionOverride2`='0', `RewardFactionCapIn2`='7', `RewardFactionID3`='0', `RewardFactionValue3`='0', `RewardFactionOverride3`='0', `RewardFactionCapIn3`='7', `RewardFactionID4`='0', `RewardFactionValue4`='0', `RewardFactionOverride4`='0', `RewardFactionCapIn4`='7', `RewardFactionID5`='0', `RewardFactionValue5`='0', `RewardFactionOverride5`='0', `RewardFactionCapIn5`='7', `RewardFactionFlags`='0', `RewardCurrencyID1`='0', `RewardCurrencyQty1`='0', `RewardCurrencyID2`='0', `RewardCurrencyQty2`='0', `RewardCurrencyID3`='0', `RewardCurrencyQty3`='0', `RewardCurrencyID4`='0', `RewardCurrencyQty4`='0', `AcceptedSoundKitID`='890', `CompleteSoundKitID`='878', `AreaGroupID`='0', `TimeAllowed`='0', `AllowableRaces`='8388608', `QuestRewardID`='0', `Expansion`='0', `LogTitle`='The Lesson of the Iron Bough', `LogDescription`='Retrieve and equip a Trainee\'s Mace and a Trainee\'s Book of Prayers.', `QuestDescription`='First, you will need weapons suited to your talents. Retrieve a mace and a book of prayers from one of the weapon racks below, bring them to me, and show me that you know how to hold them properly.', `AreaDescription`='', `PortraitGiverText`='', `PortraitGiverName`='', `PortraitTurnInText`='', `PortraitTurnInName`='', `QuestCompletionLog`='', `VerifiedBuild`='25996' WHERE (`ID`='30035');
UPDATE `quest_template` SET `ID`='30036', `QuestType`='2', `QuestLevel`='1', `MaxScalingLevel`='255', `QuestPackageID`='0', `MinLevel`='0', `QuestSortID`='5736', `QuestInfoID`='21', `SuggestedGroupNum`='0', `RewardNextQuest`='29406', `RewardXPDifficulty`='5', `RewardXPMultiplier`='1', `RewardMoney`='15', `RewardMoneyDifficulty`='5', `RewardMoneyMultiplier`='1', `RewardBonusMoney`='0', `RewardDisplaySpell1`='0', `RewardDisplaySpell2`='0', `RewardDisplaySpell3`='0', `RewardSpell`='0', `RewardHonor`='0', `RewardKillHonor`='0', `StartItem`='0', `RewardArtifactXPDifficulty`='0', `RewardArtifactXPMultiplier`='1', `RewardArtifactCategoryID`='0', `Flags`='0', `FlagsEx`='1', `RewardItem1`='0', `RewardAmount1`='0', `RewardItem2`='0', `RewardAmount2`='0', `RewardItem3`='0', `RewardAmount3`='0', `RewardItem4`='0', `RewardAmount4`='0', `ItemDrop1`='0', `ItemDropQuantity1`='0', `ItemDrop2`='0', `ItemDropQuantity2`='0', `ItemDrop3`='73212', `ItemDropQuantity3`='1', `ItemDrop4`='73208', `ItemDropQuantity4`='1', `RewardChoiceItemID1`='0', `RewardChoiceItemQuantity1`='0', `RewardChoiceItemDisplayID1`='0', `RewardChoiceItemID2`='0', `RewardChoiceItemQuantity2`='0', `RewardChoiceItemDisplayID2`='0', `RewardChoiceItemID3`='0', `RewardChoiceItemQuantity3`='0', `RewardChoiceItemDisplayID3`='0', `RewardChoiceItemID4`='0', `RewardChoiceItemQuantity4`='0', `RewardChoiceItemDisplayID4`='0', `RewardChoiceItemID5`='0', `RewardChoiceItemQuantity5`='0', `RewardChoiceItemDisplayID5`='0', `RewardChoiceItemID6`='0', `RewardChoiceItemQuantity6`='0', `RewardChoiceItemDisplayID6`='0', `POIContinent`='0', `POIx`='0', `POIy`='0', `POIPriority`='0', `RewardTitle`='0', `RewardArenaPoints`='0', `RewardSkillLineID`='0', `RewardNumSkillUps`='0', `PortraitGiver`='0', `PortraitTurnIn`='0', `RewardFactionID1`='1216', `RewardFactionValue1`='5', `RewardFactionOverride1`='25000', `RewardFactionCapIn1`='7', `RewardFactionID2`='0', `RewardFactionValue2`='0', `RewardFactionOverride2`='0', `RewardFactionCapIn2`='7', `RewardFactionID3`='0', `RewardFactionValue3`='0', `RewardFactionOverride3`='0', `RewardFactionCapIn3`='7', `RewardFactionID4`='0', `RewardFactionValue4`='0', `RewardFactionOverride4`='0', `RewardFactionCapIn4`='7', `RewardFactionID5`='0', `RewardFactionValue5`='0', `RewardFactionOverride5`='0', `RewardFactionCapIn5`='7', `RewardFactionFlags`='0', `RewardCurrencyID1`='0', `RewardCurrencyQty1`='0', `RewardCurrencyID2`='0', `RewardCurrencyQty2`='0', `RewardCurrencyID3`='0', `RewardCurrencyQty3`='0', `RewardCurrencyID4`='0', `RewardCurrencyQty4`='0', `AcceptedSoundKitID`='890', `CompleteSoundKitID`='878', `AreaGroupID`='0', `TimeAllowed`='0', `AllowableRaces`='8388608', `QuestRewardID`='0', `Expansion`='0', `LogTitle`='The Lesson of the Iron Bough', `LogDescription`='Retrieve and equip a pair of Trainee\'s Daggers.', `QuestDescription`='First, you will need weapons suited to your talents. Retrieve a pair of daggers from one of the weapon racks below, bring them to me, and show me that you know how to hold them properly.', `AreaDescription`='', `PortraitGiverText`='', `PortraitGiverName`='', `PortraitTurnInText`='', `PortraitTurnInName`='', `QuestCompletionLog`='', `VerifiedBuild`='25996' WHERE (`ID`='30036');
UPDATE `quest_template` SET `ID`='30037', `QuestType`='2', `QuestLevel`='1', `MaxScalingLevel`='255', `QuestPackageID`='0', `MinLevel`='0', `QuestSortID`='5736', `QuestInfoID`='21', `SuggestedGroupNum`='0', `RewardNextQuest`='29406', `RewardXPDifficulty`='5', `RewardXPMultiplier`='1', `RewardMoney`='15', `RewardMoneyDifficulty`='5', `RewardMoneyMultiplier`='1', `RewardBonusMoney`='0', `RewardDisplaySpell1`='0', `RewardDisplaySpell2`='0', `RewardDisplaySpell3`='0', `RewardSpell`='0', `RewardHonor`='0', `RewardKillHonor`='0', `StartItem`='0', `RewardArtifactXPDifficulty`='0', `RewardArtifactXPMultiplier`='1', `RewardArtifactCategoryID`='0', `Flags`='0', `FlagsEx`='1', `RewardItem1`='0', `RewardAmount1`='0', `RewardItem2`='0', `RewardAmount2`='0', `RewardItem3`='0', `RewardAmount3`='0', `RewardItem4`='0', `RewardAmount4`='0', `ItemDrop1`='0', `ItemDropQuantity1`='0', `ItemDrop2`='0', `ItemDropQuantity2`='0', `ItemDrop3`='73213', `ItemDropQuantity3`='1', `ItemDrop4`='76391', `ItemDropQuantity4`='1', `RewardChoiceItemID1`='0', `RewardChoiceItemQuantity1`='0', `RewardChoiceItemDisplayID1`='0', `RewardChoiceItemID2`='0', `RewardChoiceItemQuantity2`='0', `RewardChoiceItemDisplayID2`='0', `RewardChoiceItemID3`='0', `RewardChoiceItemQuantity3`='0', `RewardChoiceItemDisplayID3`='0', `RewardChoiceItemID4`='0', `RewardChoiceItemQuantity4`='0', `RewardChoiceItemDisplayID4`='0', `RewardChoiceItemID5`='0', `RewardChoiceItemQuantity5`='0', `RewardChoiceItemDisplayID5`='0', `RewardChoiceItemID6`='0', `RewardChoiceItemQuantity6`='0', `RewardChoiceItemDisplayID6`='0', `POIContinent`='0', `POIx`='0', `POIy`='0', `POIPriority`='0', `RewardTitle`='0', `RewardArenaPoints`='0', `RewardSkillLineID`='0', `RewardNumSkillUps`='0', `PortraitGiver`='0', `PortraitTurnIn`='0', `RewardFactionID1`='1216', `RewardFactionValue1`='5', `RewardFactionOverride1`='25000', `RewardFactionCapIn1`='7', `RewardFactionID2`='0', `RewardFactionValue2`='0', `RewardFactionOverride2`='0', `RewardFactionCapIn2`='7', `RewardFactionID3`='0', `RewardFactionValue3`='0', `RewardFactionOverride3`='0', `RewardFactionCapIn3`='7', `RewardFactionID4`='0', `RewardFactionValue4`='0', `RewardFactionOverride4`='0', `RewardFactionCapIn4`='7', `RewardFactionID5`='0', `RewardFactionValue5`='0', `RewardFactionOverride5`='0', `RewardFactionCapIn5`='7', `RewardFactionFlags`='0', `RewardCurrencyID1`='0', `RewardCurrencyQty1`='0', `RewardCurrencyID2`='0', `RewardCurrencyQty2`='0', `RewardCurrencyID3`='0', `RewardCurrencyQty3`='0', `RewardCurrencyID4`='0', `RewardCurrencyQty4`='0', `AcceptedSoundKitID`='890', `CompleteSoundKitID`='878', `AreaGroupID`='0', `TimeAllowed`='0', `AllowableRaces`='8388608', `QuestRewardID`='0', `Expansion`='0', `LogTitle`='The Lesson of the Iron Bough', `LogDescription`='Retrieve and equip a Trainee\'s Axe and a Trainee\'s Shield.', `QuestDescription`='First, you will need weapons suited to your talents. Retrieve an axe and a shield from one of the weapon racks below, bring them to me, and show me that you know how to hold them properly.', `AreaDescription`='', `PortraitGiverText`='', `PortraitGiverName`='', `PortraitTurnInText`='', `PortraitTurnInName`='', `QuestCompletionLog`='', `VerifiedBuild`='25996' WHERE (`ID`='30037');
UPDATE `quest_template` SET `ID`='30038', `QuestType`='2', `QuestLevel`='1', `MaxScalingLevel`='255', `QuestPackageID`='0', `MinLevel`='0', `QuestSortID`='5736', `QuestInfoID`='21', `SuggestedGroupNum`='0', `RewardNextQuest`='29406', `RewardXPDifficulty`='5', `RewardXPMultiplier`='1', `RewardMoney`='15', `RewardMoneyDifficulty`='5', `RewardMoneyMultiplier`='1', `RewardBonusMoney`='0', `RewardDisplaySpell1`='0', `RewardDisplaySpell2`='0', `RewardDisplaySpell3`='0', `RewardSpell`='0', `RewardHonor`='0', `RewardKillHonor`='0', `StartItem`='0', `RewardArtifactXPDifficulty`='0', `RewardArtifactXPMultiplier`='1', `RewardArtifactCategoryID`='0', `Flags`='0', `FlagsEx`='1', `RewardItem1`='0', `RewardAmount1`='0', `RewardItem2`='0', `RewardAmount2`='0', `RewardItem3`='0', `RewardAmount3`='0', `RewardItem4`='0', `RewardAmount4`='0', `ItemDrop1`='0', `ItemDropQuantity1`='0', `ItemDrop2`='0', `ItemDropQuantity2`='0', `ItemDrop3`='0', `ItemDropQuantity3`='0', `ItemDrop4`='73210', `ItemDropQuantity4`='1', `RewardChoiceItemID1`='0', `RewardChoiceItemQuantity1`='0', `RewardChoiceItemDisplayID1`='0', `RewardChoiceItemID2`='0', `RewardChoiceItemQuantity2`='0', `RewardChoiceItemDisplayID2`='0', `RewardChoiceItemID3`='0', `RewardChoiceItemQuantity3`='0', `RewardChoiceItemDisplayID3`='0', `RewardChoiceItemID4`='0', `RewardChoiceItemQuantity4`='0', `RewardChoiceItemDisplayID4`='0', `RewardChoiceItemID5`='0', `RewardChoiceItemQuantity5`='0', `RewardChoiceItemDisplayID5`='0', `RewardChoiceItemID6`='0', `RewardChoiceItemQuantity6`='0', `RewardChoiceItemDisplayID6`='0', `POIContinent`='0', `POIx`='0', `POIy`='0', `POIPriority`='0', `RewardTitle`='0', `RewardArenaPoints`='0', `RewardSkillLineID`='0', `RewardNumSkillUps`='0', `PortraitGiver`='0', `PortraitTurnIn`='0', `RewardFactionID1`='1216', `RewardFactionValue1`='5', `RewardFactionOverride1`='25000', `RewardFactionCapIn1`='7', `RewardFactionID2`='0', `RewardFactionValue2`='0', `RewardFactionOverride2`='0', `RewardFactionCapIn2`='7', `RewardFactionID3`='0', `RewardFactionValue3`='0', `RewardFactionOverride3`='0', `RewardFactionCapIn3`='7', `RewardFactionID4`='0', `RewardFactionValue4`='0', `RewardFactionOverride4`='0', `RewardFactionCapIn4`='7', `RewardFactionID5`='0', `RewardFactionValue5`='0', `RewardFactionOverride5`='0', `RewardFactionCapIn5`='7', `RewardFactionFlags`='0', `RewardCurrencyID1`='0', `RewardCurrencyQty1`='0', `RewardCurrencyID2`='0', `RewardCurrencyQty2`='0', `RewardCurrencyID3`='0', `RewardCurrencyQty3`='0', `RewardCurrencyID4`='0', `RewardCurrencyQty4`='0', `AcceptedSoundKitID`='890', `CompleteSoundKitID`='878', `AreaGroupID`='0', `TimeAllowed`='0', `AllowableRaces`='8388608', `QuestRewardID`='0', `Expansion`='0', `LogTitle`='The Lesson of the Iron Bough', `LogDescription`='Retrieve and equip a Trainee\'s Sword.', `QuestDescription`='First, you will need a weapon suited to your talents. Retrieve a sword from one of the weapon racks below, bring it to me, and show me that you know how to hold it properly.', `AreaDescription`='', `PortraitGiverText`='', `PortraitGiverName`='', `PortraitTurnInText`='', `PortraitTurnInName`='', `QuestCompletionLog`='', `VerifiedBuild`='25996' WHERE (`ID`='30038');

DELETE FROM `quest_objectives` WHERE `QuestID` IN (30027,30033,30034,30035,30036,30037,30038);
INSERT INTO `quest_objectives` (`ID`, `QuestID`, `Type`, `Order`, `StorageIndex`, `ObjectID`, `Amount`, `Flags`, `Flags2`, `ProgressBarWeight`, `Description`, `VerifiedBuild`) VALUES 
(333780, 30027, 0, 0, 0, 54139, 1, 0, 0, 0, 'Loot and Equip a Trainee\s Staff', 25996),
(333781, 30033, 0, 0, 0, 54139, 1, 0, 0, 0, 'Loot and Equip a Trainee\s Spellblade', 25996),
(333782, 30033, 0, 1, 1, 57849, 1, 0, 0, 0, 'Loot and Equip a Trainee\s Hand Fan', 25996),
(333783, 30034, 0, 0, 0, 54139, 1, 0, 0, 0, 'Loot and Equip a Trainee\s Crossbow', 25996),
(333784, 30035, 0, 0, 0, 54139, 1, 0, 0, 0, 'Loot and Equip a Trainee\s Mace', 25996),
(333785, 30035, 0, 1, 1, 57849, 1, 0, 0, 0, 'Loot and Equip a Trainee\s Book of Prayers', 25996),
(333786, 30036, 0, 0, 0, 54139, 1, 0, 0, 0, 'Loot and Equip a Trainee\s Dagger', 25996),
(333787, 30036, 0, 1, 1, 57849, 1, 0, 0, 0, 'Loot and Equip a Second Trainee\s Dagger', 25996),
(333788, 30037, 0, 0, 0, 54139, 1, 0, 0, 0, 'Loot and Equip a Trainee\s Axe', 25996),
(333789, 30037, 0, 1, 1, 57849, 1, 0, 0, 0, 'Loot and Equip a Trainee\s Shield', 25996),
(333790, 30038, 0, 0, 0, 54139, 1, 0, 0, 0, 'Loot and Equip a Trainee\s Sword', 25996);

DELETE FROM `quest_template_addon` WHERE `ID` IN (30027,30033,30034,30035,30036,30037,30038);
INSERT INTO `quest_template_addon` (`ID`, `MaxLevel`, `AllowableClasses`, `SourceSpellID`, `PrevQuestID`, `NextQuestID`, `ExclusiveGroup`, `RewardMailTemplateID`, `RewardMailDelay`, `RequiredSkillID`, `RequiredSkillPoints`, `RequiredMinRepFaction`, `RequiredMaxRepFaction`, `RequiredMinRepValue`, `RequiredMaxRepValue`, `ProvidedItemCount`, `SpecialFlags`, `ScriptName`) VALUES 
(30027, 0, 512, 0, 0, 29406, 0, 0, 0, 0, 0, 0, 0, 0, 0, 0, 0,"" ),
(30033, 0, 128, 0, 0, 29406, 0, 0, 0, 0, 0, 0, 0, 0, 0, 0, 0,"" ),
(30034, 0, 4, 0, 0, 29406, 0, 0, 0, 0, 0, 0, 0, 0, 0, 0, 0, ""),
(30035, 0, 16, 0, 0, 29406, 0, 0, 0, 0, 0, 0, 0, 0, 0, 0, 0, ""),
(30036, 0, 8, 0, 0, 29406, 0, 0, 0, 0, 0, 0, 0, 0, 0, 0, 0,""),
(30037, 0, 64, 0, 0, 29406, 0, 0, 0, 0, 0, 0, 0, 0, 0, 0, 0,"" ),
(30038, 0, 1, 0, 0, 29406, 0, 0, 0, 0, 0, 0, 0, 0, 0, 0, 0,"");

-- GameObject Weapon Rack
UPDATE `gameobject_template` SET `entry`='210005', `type`='10', `displayId`='10721', `name`='Weapon Rack', `IconName`='', `castBarCaption`='', `unk1`='', `size`='1', `Data0`='57', `Data1`='0', `Data2`='1', `Data3`='0', `Data4`='0', `Data5`='0', `Data6`='0', `Data7`='0', `Data8`='0', `Data9`='0', `Data10`='0', `Data11`='0', `Data12`='0', `Data13`='0', `Data14`='0', `Data15`='0', `Data16`='0', `Data17`='0', `Data18`='0', `Data19`='0', `Data20`='0', `Data21`='0', `Data22`='0', `Data23`='0', `Data24`='0', `Data25`='0', `Data26`='0', `Data27`='0', `Data28`='0', `Data29`='0', `Data30`='0', `Data31`='0', `Data32`='0', `RequiredLevel`='0', `AIName`='', `ScriptName`='go_wandering_weapon_rack', `VerifiedBuild`='20886' WHERE (`entry`='210005');
UPDATE `gameobject_template` SET `entry`='210015', `type`='10', `displayId`='10721', `name`='Weapon Rack', `IconName`='', `castBarCaption`='', `unk1`='', `size`='1', `Data0`='57', `Data1`='0', `Data2`='1', `Data3`='0', `Data4`='0', `Data5`='0', `Data6`='0', `Data7`='0', `Data8`='0', `Data9`='0', `Data10`='0', `Data11`='0', `Data12`='0', `Data13`='0', `Data14`='0', `Data15`='0', `Data16`='0', `Data17`='0', `Data18`='0', `Data19`='0', `Data20`='0', `Data21`='0', `Data22`='0', `Data23`='0', `Data24`='0', `Data25`='0', `Data26`='0', `Data27`='0', `Data28`='0', `Data29`='0', `Data30`='0', `Data31`='0', `Data32`='0', `RequiredLevel`='0', `AIName`='', `ScriptName`='go_wandering_weapon_rack', `VerifiedBuild`='20886' WHERE (`entry`='210015');
UPDATE `gameobject_template` SET `entry`='210016', `type`='10', `displayId`='10721', `name`='Weapon Rack', `IconName`='', `castBarCaption`='', `unk1`='', `size`='1', `Data0`='57', `Data1`='0', `Data2`='1', `Data3`='0', `Data4`='0', `Data5`='0', `Data6`='0', `Data7`='0', `Data8`='0', `Data9`='0', `Data10`='0', `Data11`='0', `Data12`='0', `Data13`='0', `Data14`='0', `Data15`='0', `Data16`='0', `Data17`='0', `Data18`='0', `Data19`='0', `Data20`='0', `Data21`='0', `Data22`='0', `Data23`='0', `Data24`='0', `Data25`='0', `Data26`='0', `Data27`='0', `Data28`='0', `Data29`='0', `Data30`='0', `Data31`='0', `Data32`='0', `RequiredLevel`='0', `AIName`='', `ScriptName`='go_wandering_weapon_rack', `VerifiedBuild`='20886' WHERE (`entry`='210016');
UPDATE `gameobject_template` SET `entry`='210017', `type`='10', `displayId`='10721', `name`='Weapon Rack', `IconName`='', `castBarCaption`='', `unk1`='', `size`='1', `Data0`='57', `Data1`='0', `Data2`='1', `Data3`='0', `Data4`='0', `Data5`='0', `Data6`='0', `Data7`='0', `Data8`='0', `Data9`='0', `Data10`='0', `Data11`='0', `Data12`='0', `Data13`='0', `Data14`='0', `Data15`='0', `Data16`='0', `Data17`='0', `Data18`='0', `Data19`='0', `Data20`='0', `Data21`='0', `Data22`='0', `Data23`='0', `Data24`='0', `Data25`='0', `Data26`='0', `Data27`='0', `Data28`='0', `Data29`='0', `Data30`='0', `Data31`='0', `Data32`='0', `RequiredLevel`='0', `AIName`='', `ScriptName`='go_wandering_weapon_rack', `VerifiedBuild`='20886' WHERE (`entry`='210017');
UPDATE `gameobject_template` SET `entry`='210018', `type`='10', `displayId`='10721', `name`='Weapon Rack', `IconName`='', `castBarCaption`='', `unk1`='', `size`='1', `Data0`='57', `Data1`='0', `Data2`='1', `Data3`='0', `Data4`='0', `Data5`='0', `Data6`='0', `Data7`='0', `Data8`='0', `Data9`='0', `Data10`='0', `Data11`='0', `Data12`='0', `Data13`='0', `Data14`='0', `Data15`='0', `Data16`='0', `Data17`='0', `Data18`='0', `Data19`='0', `Data20`='0', `Data21`='0', `Data22`='0', `Data23`='0', `Data24`='0', `Data25`='0', `Data26`='0', `Data27`='0', `Data28`='0', `Data29`='0', `Data30`='0', `Data31`='0', `Data32`='0', `RequiredLevel`='0', `AIName`='', `ScriptName`='go_wandering_weapon_rack', `VerifiedBuild`='20886' WHERE (`entry`='210018');
UPDATE `gameobject_template` SET `entry`='210019', `type`='10', `displayId`='10721', `name`='Weapon Rack', `IconName`='', `castBarCaption`='', `unk1`='', `size`='1', `Data0`='57', `Data1`='0', `Data2`='1', `Data3`='0', `Data4`='0', `Data5`='0', `Data6`='0', `Data7`='0', `Data8`='0', `Data9`='0', `Data10`='0', `Data11`='0', `Data12`='0', `Data13`='0', `Data14`='0', `Data15`='0', `Data16`='0', `Data17`='0', `Data18`='0', `Data19`='0', `Data20`='0', `Data21`='0', `Data22`='0', `Data23`='0', `Data24`='0', `Data25`='0', `Data26`='0', `Data27`='0', `Data28`='0', `Data29`='0', `Data30`='0', `Data31`='0', `Data32`='0', `RequiredLevel`='0', `AIName`='', `ScriptName`='go_wandering_weapon_rack', `VerifiedBuild`='20886' WHERE (`entry`='210019');
UPDATE `gameobject_template` SET `entry`='210020', `type`='10', `displayId`='10721', `name`='Weapon Rack', `IconName`='', `castBarCaption`='', `unk1`='', `size`='1', `Data0`='57', `Data1`='0', `Data2`='1', `Data3`='0', `Data4`='0', `Data5`='0', `Data6`='0', `Data7`='0', `Data8`='0', `Data9`='0', `Data10`='0', `Data11`='0', `Data12`='0', `Data13`='0', `Data14`='0', `Data15`='0', `Data16`='0', `Data17`='0', `Data18`='0', `Data19`='0', `Data20`='0', `Data21`='0', `Data22`='0', `Data23`='0', `Data24`='0', `Data25`='0', `Data26`='0', `Data27`='0', `Data28`='0', `Data29`='0', `Data30`='0', `Data31`='0', `Data32`='0', `RequiredLevel`='0', `AIName`='', `ScriptName`='go_wandering_weapon_rack', `VerifiedBuild`='20886' WHERE (`entry`='210020');

DELETE FROM `gameobject_template_addon` WHERE `entry` IN (210005,210015,210016,210017,210018,210019,210020);
INSERT INTO `gameobject_template_addon` (`entry`, `faction`, `flags`, `mingold`, `maxgold`, `WorldEffectID`) VALUES 
('210005', '0', '0', '0', '0', '0'),
('210015', '0', '0', '0', '0', '0'),
('210016', '0', '0', '0', '0', '0'),
('210017', '0', '0', '0', '0', '0'),
('210018', '0', '0', '0', '0', '0'),
('210019', '0', '0', '0', '0', '0'),
('210020', '0', '0', '0', '0', '0');

DELETE FROM `gameobject_questitem` WHERE `GameObjectEntry` IN (210005,210015,210016,210017,210018,210019,210020);
INSERT INTO `gameobject_questitem` (`GameObjectEntry`, `Idx`, `ItemId`, `VerifiedBuild`) VALUES 
(210005, 0, 73209, 22566),
(210005, 1, 76392, 22566),
(210005, 2, 76390, 22566),
(210005, 3, 73211, 22566),
(210005, 4, 76393, 22566),
(210005, 5, 73207, 22566),
(210005, 6, 73212, 22566),
(210005, 7, 73208, 22566),
(210005, 8, 73213, 22566),
(210005, 9, 76391, 22566),
(210005, 10, 73210, 22566),
(210015, 0, 73209, 22566),
(210015, 1, 76392, 22566),
(210015, 2, 76390, 22566),
(210015, 3, 73211, 22566),
(210015, 4, 76393, 22566),
(210015, 5, 73207, 22566),
(210015, 6, 73212, 22566),
(210015, 7, 73208, 22566),
(210015, 8, 73213, 22566),
(210015, 9, 76391, 22566),
(210015, 10, 73210, 22566),
(210016, 0, 73209, 22566),
(210016, 1, 76392, 22566),
(210016, 2, 76390, 22566),
(210016, 3, 73211, 22566),
(210016, 4, 76393, 22566),
(210016, 5, 73207, 22566),
(210016, 6, 73212, 22566),
(210016, 7, 73208, 22566),
(210016, 8, 73213, 22566),
(210016, 9, 76391, 22566),
(210016, 10, 73210, 22566),
(210017, 0, 73209, 22566),
(210017, 1, 76392, 22566),
(210017, 2, 76390, 22566),
(210017, 3, 73211, 22566),
(210017, 4, 76393, 22566),
(210017, 5, 73207, 22566),
(210017, 6, 73212, 22566),
(210017, 7, 73208, 22566),
(210017, 8, 73213, 22566),
(210017, 9, 76391, 22566),
(210017, 10, 73210, 22566),
(210018, 0, 73209, 22566),
(210018, 1, 76392, 22566),
(210018, 2, 76390, 22566),
(210018, 3, 73211, 22566),
(210018, 4, 76393, 22566),
(210018, 5, 73207, 22566),
(210018, 6, 73212, 22566),
(210018, 7, 73208, 22566),
(210018, 8, 73213, 22566),
(210018, 9, 76391, 22566),
(210018, 10, 73210, 22566),
(210019, 0, 73209, 22566),
(210019, 1, 76392, 22566),
(210019, 2, 76390, 22566),
(210019, 3, 73211, 22566),
(210019, 4, 76393, 22566),
(210019, 5, 73207, 22566),
(210019, 6, 73212, 22566),
(210019, 7, 73208, 22566),
(210019, 8, 73213, 22566),
(210019, 9, 76391, 22566),
(210019, 10, 73210, 22566),
(210020, 0, 73209, 22566),
(210020, 1, 76392, 22566),
(210020, 2, 76390, 22566),
(210020, 3, 73211, 22566),
(210020, 4, 76393, 22566),
(210020, 5, 73207, 22566),
(210020, 6, 73212, 22566),
(210020, 7, 73208, 22566),
(210020, 8, 73213, 22566),
(210020, 9, 76391, 22566),
(210020, 10, 73210, 22566);